Name	Link
Abalone	https://archive.ics.uci.edu/ml/datasets/Abalone
Adult	https://archive.ics.uci.edu/ml/datasets/Adult
Annealing	https://archive.ics.uci.edu/ml/datasets/Annealing
Anonymous Microsoft Web Data	https://archive.ics.uci.edu/ml/datasets/Anonymous+Microsoft+Web+Data
Arrhythmia	https://archive.ics.uci.edu/ml/datasets/Arrhythmia
Artificial Characters	https://archive.ics.uci.edu/ml/datasets/Artificial+Characters
Audiology (Original)	https://archive.ics.uci.edu/ml/datasets/Audiology+%28Original%29
Audiology (Standardized)	https://archive.ics.uci.edu/ml/datasets/Audiology+%28Standardized%29
Auto MPG	https://archive.ics.uci.edu/ml/datasets/Auto+MPG
Automobile	https://archive.ics.uci.edu/ml/datasets/Automobile
Badges	https://archive.ics.uci.edu/ml/datasets/Badges
Balance Scale	https://archive.ics.uci.edu/ml/datasets/Balance+Scale
Balloons	https://archive.ics.uci.edu/ml/datasets/Balloons
Breast Cancer	https://archive.ics.uci.edu/ml/datasets/Breast+Cancer
Breast Cancer Wisconsin (Original)	https://archive.ics.uci.edu/ml/datasets/Breast+Cancer+Wisconsin+%28Original%29
Breast Cancer Wisconsin (Prognostic)	https://archive.ics.uci.edu/ml/datasets/Breast+Cancer+Wisconsin+%28Prognostic%29
Breast Cancer Wisconsin (Diagnostic)	https://archive.ics.uci.edu/ml/datasets/Breast+Cancer+Wisconsin+%28Diagnostic%29
Pittsburgh Bridges	https://archive.ics.uci.edu/ml/datasets/Pittsburgh+Bridges
Car Evaluation	https://archive.ics.uci.edu/ml/datasets/Car+Evaluation
Census Income	https://archive.ics.uci.edu/ml/datasets/Census+Income
Chess (King-Rook vs. King-Knight)	https://archive.ics.uci.edu/ml/datasets/Chess+%28King-Rook+vs.+King-Knight%29
Chess (King-Rook vs. King-Pawn)	https://archive.ics.uci.edu/ml/datasets/Chess+%28King-Rook+vs.+King-Pawn%29
Chess (King-Rook vs. King)	https://archive.ics.uci.edu/ml/datasets/Chess+%28King-Rook+vs.+King%29
Chess (Domain Theories)	https://archive.ics.uci.edu/ml/datasets/Chess+%28Domain+Theories%29
Bach Chorales	https://archive.ics.uci.edu/ml/datasets/Bach+Chorales
Connect-4	https://archive.ics.uci.edu/ml/datasets/Connect-4
Credit Approval	https://archive.ics.uci.edu/ml/datasets/Credit+Approval
Japanese Credit Screening	https://archive.ics.uci.edu/ml/datasets/Japanese+Credit+Screening
Computer Hardware	https://archive.ics.uci.edu/ml/datasets/Computer+Hardware
Contraceptive Method Choice	https://archive.ics.uci.edu/ml/datasets/Contraceptive+Method+Choice
Covertype	https://archive.ics.uci.edu/ml/datasets/Covertype
Cylinder Bands	https://archive.ics.uci.edu/ml/datasets/Cylinder+Bands
Dermatology	https://archive.ics.uci.edu/ml/datasets/Dermatology
Diabetes	https://archive.ics.uci.edu/ml/datasets/Diabetes
DGP2 - The Second Data Generation Program	https://archive.ics.uci.edu/ml/datasets/DGP2+-+The+Second+Data+Generation+Program
Document Understanding	https://archive.ics.uci.edu/ml/datasets/Document+Understanding
EBL Domain Theories	https://archive.ics.uci.edu/ml/datasets/EBL+Domain+Theories
Echocardiogram	https://archive.ics.uci.edu/ml/datasets/Echocardiogram
Ecoli	https://archive.ics.uci.edu/ml/datasets/Ecoli
Flags	https://archive.ics.uci.edu/ml/datasets/Flags
Function Finding	https://archive.ics.uci.edu/ml/datasets/Function+Finding
Glass Identification	https://archive.ics.uci.edu/ml/datasets/Glass+Identification
Haberman's Survival	https://archive.ics.uci.edu/ml/datasets/Haberman%27s+Survival
Hayes-Roth	https://archive.ics.uci.edu/ml/datasets/Hayes-Roth
Heart Disease	https://archive.ics.uci.edu/ml/datasets/Heart+Disease
Hepatitis	https://archive.ics.uci.edu/ml/datasets/Hepatitis
Horse Colic	https://archive.ics.uci.edu/ml/datasets/Horse+Colic
ICU	https://archive.ics.uci.edu/ml/datasets/ICU
Image Segmentation	https://archive.ics.uci.edu/ml/datasets/Image+Segmentation
Internet Advertisements	https://archive.ics.uci.edu/ml/datasets/Internet+Advertisements
Ionosphere	https://archive.ics.uci.edu/ml/datasets/Ionosphere
Iris	https://archive.ics.uci.edu/ml/datasets/Iris
ISOLET	https://archive.ics.uci.edu/ml/datasets/ISOLET
Kinship	https://archive.ics.uci.edu/ml/datasets/Kinship
Labor Relations	https://archive.ics.uci.edu/ml/datasets/Labor+Relations
LED Display Domain	https://archive.ics.uci.edu/ml/datasets/LED+Display+Domain
Lenses	https://archive.ics.uci.edu/ml/datasets/Lenses
Letter Recognition	https://archive.ics.uci.edu/ml/datasets/Letter+Recognition
Liver Disorders	https://archive.ics.uci.edu/ml/datasets/Liver+Disorders
Logic Theorist	https://archive.ics.uci.edu/ml/datasets/Logic+Theorist
Lung Cancer	https://archive.ics.uci.edu/ml/datasets/Lung+Cancer
Lymphography	https://archive.ics.uci.edu/ml/datasets/Lymphography
Mechanical Analysis	https://archive.ics.uci.edu/ml/datasets/Mechanical+Analysis
Meta-data	https://archive.ics.uci.edu/ml/datasets/Meta-data
Mobile Robots	https://archive.ics.uci.edu/ml/datasets/Mobile+Robots
Molecular Biology (Promoter Gene Sequences)	https://archive.ics.uci.edu/ml/datasets/Molecular+Biology+%28Promoter+Gene+Sequences%29
Molecular Biology (Protein Secondary Structure)	https://archive.ics.uci.edu/ml/datasets/Molecular+Biology+%28Protein+Secondary+Structure%29
Molecular Biology (Splice-junction Gene Sequences)	https://archive.ics.uci.edu/ml/datasets/Molecular+Biology+%28Splice-junction+Gene+Sequences%29
MONK's Problems	https://archive.ics.uci.edu/ml/datasets/MONK%27s+Problems
Moral Reasoner	https://archive.ics.uci.edu/ml/datasets/Moral+Reasoner
Multiple Features	https://archive.ics.uci.edu/ml/datasets/Multiple+Features
Mushroom	https://archive.ics.uci.edu/ml/datasets/Mushroom
Musk (Version 1)	https://archive.ics.uci.edu/ml/datasets/Musk+%28Version+1%29
Musk (Version 2)	https://archive.ics.uci.edu/ml/datasets/Musk+%28Version+2%29
Nursery	https://archive.ics.uci.edu/ml/datasets/Nursery
Othello Domain Theory	https://archive.ics.uci.edu/ml/datasets/Othello+Domain+Theory
Page Blocks Classification	https://archive.ics.uci.edu/ml/datasets/Page+Blocks+Classification
Optical Recognition of Handwritten Digits	https://archive.ics.uci.edu/ml/datasets/Optical+Recognition+of+Handwritten+Digits
Pen-Based Recognition of Handwritten Digits	https://archive.ics.uci.edu/ml/datasets/Pen-Based+Recognition+of+Handwritten+Digits
Post-Operative Patient	https://archive.ics.uci.edu/ml/datasets/Post-Operative+Patient
Primary Tumor	https://archive.ics.uci.edu/ml/datasets/Primary+Tumor
Prodigy	https://archive.ics.uci.edu/ml/datasets/Prodigy
Qualitative Structure Activity Relationships	https://archive.ics.uci.edu/ml/datasets/Qualitative+Structure+Activity+Relationships
Quadruped Mammals	https://archive.ics.uci.edu/ml/datasets/Quadruped+Mammals
Servo	https://archive.ics.uci.edu/ml/datasets/Servo
Shuttle Landing Control	https://archive.ics.uci.edu/ml/datasets/Shuttle+Landing+Control
Solar Flare	https://archive.ics.uci.edu/ml/datasets/Solar+Flare
Soybean (Large)	https://archive.ics.uci.edu/ml/datasets/Soybean+%28Large%29
Soybean (Small)	https://archive.ics.uci.edu/ml/datasets/Soybean+%28Small%29
Challenger USA Space Shuttle O-Ring	https://archive.ics.uci.edu/ml/datasets/Challenger+USA+Space+Shuttle+O-Ring
Low Resolution Spectrometer	https://archive.ics.uci.edu/ml/datasets/Low+Resolution+Spectrometer
Spambase	https://archive.ics.uci.edu/ml/datasets/Spambase
SPECT Heart	https://archive.ics.uci.edu/ml/datasets/SPECT+Heart
SPECTF Heart	https://archive.ics.uci.edu/ml/datasets/SPECTF+Heart
Sponge	https://archive.ics.uci.edu/ml/datasets/Sponge
Statlog Project	https://archive.ics.uci.edu/ml/datasets/Statlog+Project
Student Loan Relational	https://archive.ics.uci.edu/ml/datasets/Student+Loan+Relational
Teaching Assistant Evaluation	https://archive.ics.uci.edu/ml/datasets/Teaching+Assistant+Evaluation
Tic-Tac-Toe Endgame	https://archive.ics.uci.edu/ml/datasets/Tic-Tac-Toe+Endgame
Thyroid Disease	https://archive.ics.uci.edu/ml/datasets/Thyroid+Disease
Trains	https://archive.ics.uci.edu/ml/datasets/Trains
University	https://archive.ics.uci.edu/ml/datasets/University
Congressional Voting Records	https://archive.ics.uci.edu/ml/datasets/Congressional+Voting+Records
Water Treatment Plant	https://archive.ics.uci.edu/ml/datasets/Water+Treatment+Plant
Waveform Database Generator (Version 1)	https://archive.ics.uci.edu/ml/datasets/Waveform+Database+Generator+%28Version+1%29
Waveform Database Generator (Version 2)	https://archive.ics.uci.edu/ml/datasets/Waveform+Database+Generator+%28Version+2%29
Wine	https://archive.ics.uci.edu/ml/datasets/Wine
Yeast	https://archive.ics.uci.edu/ml/datasets/Yeast
Zoo	https://archive.ics.uci.edu/ml/datasets/Zoo
Undocumented	https://archive.ics.uci.edu/ml/datasets/Undocumented
Twenty Newsgroups	https://archive.ics.uci.edu/ml/datasets/Twenty+Newsgroups
Australian Sign Language signs	https://archive.ics.uci.edu/ml/datasets/Australian+Sign+Language+signs
Australian Sign Language signs (High Quality)	https://archive.ics.uci.edu/ml/datasets/Australian+Sign+Language+signs+%28High+Quality%29
US Census Data (1990)	https://archive.ics.uci.edu/ml/datasets/US+Census+Data+%281990%29
Census-Income (KDD)	https://archive.ics.uci.edu/ml/datasets/Census-Income+%28KDD%29
Coil 1999 Competition Data	https://archive.ics.uci.edu/ml/datasets/Coil+1999+Competition+Data
Corel Image Features	https://archive.ics.uci.edu/ml/datasets/Corel+Image+Features
E. Coli Genes	https://archive.ics.uci.edu/ml/datasets/E.+Coli+Genes
EEG Database	https://archive.ics.uci.edu/ml/datasets/EEG+Database
El Nino	https://archive.ics.uci.edu/ml/datasets/El+Nino
Entree Chicago Recommendation Data	https://archive.ics.uci.edu/ml/datasets/Entree+Chicago+Recommendation+Data
CMU Face Images	https://archive.ics.uci.edu/ml/datasets/CMU+Face+Images
Insurance Company Benchmark (COIL 2000)	https://archive.ics.uci.edu/ml/datasets/Insurance+Company+Benchmark+%28COIL+2000%29
Internet Usage Data	https://archive.ics.uci.edu/ml/datasets/Internet+Usage+Data
IPUMS Census Database	https://archive.ics.uci.edu/ml/datasets/IPUMS+Census+Database
Japanese Vowels	https://archive.ics.uci.edu/ml/datasets/Japanese+Vowels
KDD Cup 1998 Data	https://archive.ics.uci.edu/ml/datasets/KDD+Cup+1998+Data
KDD Cup 1999 Data	https://archive.ics.uci.edu/ml/datasets/KDD+Cup+1999+Data
M. Tuberculosis Genes	https://archive.ics.uci.edu/ml/datasets/M.+Tuberculosis+Genes
Movie	https://archive.ics.uci.edu/ml/datasets/Movie
MSNBC.com Anonymous Web Data	https://archive.ics.uci.edu/ml/datasets/MSNBC.com+Anonymous+Web+Data
NSF Research Award Abstracts 1990-2003	https://archive.ics.uci.edu/ml/datasets/NSF+Research+Award+Abstracts+1990-2003
Pioneer-1 Mobile Robot Data	https://archive.ics.uci.edu/ml/datasets/Pioneer-1+Mobile+Robot+Data
Pseudo Periodic Synthetic Time Series	https://archive.ics.uci.edu/ml/datasets/Pseudo+Periodic+Synthetic+Time+Series
Reuters-21578 Text Categorization Collection	https://archive.ics.uci.edu/ml/datasets/Reuters-21578+Text+Categorization+Collection
Robot Execution Failures	https://archive.ics.uci.edu/ml/datasets/Robot+Execution+Failures
Synthetic Control Chart Time Series	https://archive.ics.uci.edu/ml/datasets/Synthetic+Control+Chart+Time+Series
Syskill and Webert Web Page Ratings	https://archive.ics.uci.edu/ml/datasets/Syskill+and+Webert+Web+Page+Ratings
UNIX User Data	https://archive.ics.uci.edu/ml/datasets/UNIX+User+Data
Volcanoes on Venus - JARtool experiment	https://archive.ics.uci.edu/ml/datasets/Volcanoes+on+Venus+-+JARtool+experiment
Statlog (Australian Credit Approval)	https://archive.ics.uci.edu/ml/datasets/Statlog+%28Australian+Credit+Approval%29
Statlog (German Credit Data)	https://archive.ics.uci.edu/ml/datasets/Statlog+%28German+Credit+Data%29
Statlog (Heart)	https://archive.ics.uci.edu/ml/datasets/Statlog+%28Heart%29
Statlog (Landsat Satellite)	https://archive.ics.uci.edu/ml/datasets/Statlog+%28Landsat+Satellite%29
Statlog (Image Segmentation)	https://archive.ics.uci.edu/ml/datasets/Statlog+%28Image+Segmentation%29
Statlog (Shuttle)	https://archive.ics.uci.edu/ml/datasets/Statlog+%28Shuttle%29
Statlog (Vehicle Silhouettes)	https://archive.ics.uci.edu/ml/datasets/Statlog+%28Vehicle+Silhouettes%29
Connectionist Bench (Nettalk Corpus)	https://archive.ics.uci.edu/ml/datasets/Connectionist+Bench+%28Nettalk+Corpus%29
Connectionist Bench (Sonar, Mines vs. Rocks)	https://archive.ics.uci.edu/ml/datasets/Connectionist+Bench+%28Sonar%2C+Mines+vs.+Rocks%29
Connectionist Bench (Vowel Recognition - Deterding Data)	https://archive.ics.uci.edu/ml/datasets/Connectionist+Bench+%28Vowel+Recognition+-+Deterding+Data%29
Economic Sanctions	https://archive.ics.uci.edu/ml/datasets/Economic+Sanctions
Protein Data	https://archive.ics.uci.edu/ml/datasets/Protein+Data
Cloud	https://archive.ics.uci.edu/ml/datasets/Cloud
CalIt2 Building People Counts	https://archive.ics.uci.edu/ml/datasets/CalIt2+Building+People+Counts
Dodgers Loop Sensor	https://archive.ics.uci.edu/ml/datasets/Dodgers+Loop+Sensor
Poker Hand	https://archive.ics.uci.edu/ml/datasets/Poker+Hand
MAGIC Gamma Telescope	https://archive.ics.uci.edu/ml/datasets/MAGIC+Gamma+Telescope
UJI Pen Characters	https://archive.ics.uci.edu/ml/datasets/UJI+Pen+Characters
Mammographic Mass	https://archive.ics.uci.edu/ml/datasets/Mammographic+Mass
Forest Fires	https://archive.ics.uci.edu/ml/datasets/Forest+Fires
Reuters Transcribed Subset	https://archive.ics.uci.edu/ml/datasets/Reuters+Transcribed+Subset
Bag of Words	https://archive.ics.uci.edu/ml/datasets/Bag+of+Words
Concrete Compressive Strength	https://archive.ics.uci.edu/ml/datasets/Concrete+Compressive+Strength
Hill-Valley	https://archive.ics.uci.edu/ml/datasets/Hill-Valley
Arcene	https://archive.ics.uci.edu/ml/datasets/Arcene
Dexter	https://archive.ics.uci.edu/ml/datasets/Dexter
Dorothea	https://archive.ics.uci.edu/ml/datasets/Dorothea
Gisette	https://archive.ics.uci.edu/ml/datasets/Gisette
Madelon	https://archive.ics.uci.edu/ml/datasets/Madelon
Ozone Level Detection	https://archive.ics.uci.edu/ml/datasets/Ozone+Level+Detection
Abscisic Acid Signaling Network	https://archive.ics.uci.edu/ml/datasets/Abscisic+Acid+Signaling+Network
Parkinsons	https://archive.ics.uci.edu/ml/datasets/Parkinsons
Character Trajectories	https://archive.ics.uci.edu/ml/datasets/Character+Trajectories
Blood Transfusion Service Center	https://archive.ics.uci.edu/ml/datasets/Blood+Transfusion+Service+Center
UJI Pen Characters (Version 2)	https://archive.ics.uci.edu/ml/datasets/UJI+Pen+Characters+%28Version+2%29
Semeion Handwritten Digit	https://archive.ics.uci.edu/ml/datasets/Semeion+Handwritten+Digit
SECOM	https://archive.ics.uci.edu/ml/datasets/SECOM
Plants	https://archive.ics.uci.edu/ml/datasets/Plants
Libras Movement	https://archive.ics.uci.edu/ml/datasets/Libras+Movement
Concrete Slump Test	https://archive.ics.uci.edu/ml/datasets/Concrete+Slump+Test
Communities and Crime	https://archive.ics.uci.edu/ml/datasets/Communities+and+Crime
Acute Inflammations	https://archive.ics.uci.edu/ml/datasets/Acute+Inflammations
Wine Quality	https://archive.ics.uci.edu/ml/datasets/Wine+Quality
URL Reputation	https://archive.ics.uci.edu/ml/datasets/URL+Reputation
p53 Mutants	https://archive.ics.uci.edu/ml/datasets/p53+Mutants
Parkinsons Telemonitoring	https://archive.ics.uci.edu/ml/datasets/Parkinsons+Telemonitoring
Demospongiae	https://archive.ics.uci.edu/ml/datasets/Demospongiae
Opinosis Opinion ⁄ Review	https://archive.ics.uci.edu/ml/datasets/Opinosis+Opinion+%26frasl%3B+Review
Breast Tissue	https://archive.ics.uci.edu/ml/datasets/Breast+Tissue
Cardiotocography	https://archive.ics.uci.edu/ml/datasets/Cardiotocography
Wall-Following Robot Navigation Data	https://archive.ics.uci.edu/ml/datasets/Wall-Following+Robot+Navigation+Data
Spoken Arabic Digit	https://archive.ics.uci.edu/ml/datasets/Spoken+Arabic+Digit
Localization Data for Person Activity	https://archive.ics.uci.edu/ml/datasets/Localization+Data+for+Person+Activity
AutoUniv	https://archive.ics.uci.edu/ml/datasets/AutoUniv
Steel Plates Faults	https://archive.ics.uci.edu/ml/datasets/Steel+Plates+Faults
MiniBooNE particle identification	https://archive.ics.uci.edu/ml/datasets/MiniBooNE+particle+identification
YearPredictionMSD	https://archive.ics.uci.edu/ml/datasets/YearPredictionMSD
PEMS-SF	https://archive.ics.uci.edu/ml/datasets/PEMS-SF
OpinRank Review Dataset	https://archive.ics.uci.edu/ml/datasets/OpinRank+Review+Dataset
Relative location of CT slices on axial axis	https://archive.ics.uci.edu/ml/datasets/Relative+location+of+CT+slices+on+axial+axis
Online Handwritten Assamese Characters Dataset	https://archive.ics.uci.edu/ml/datasets/Online+Handwritten+Assamese+Characters+Dataset
PubChem Bioassay Data	https://archive.ics.uci.edu/ml/datasets/PubChem+Bioassay+Data
Record Linkage Comparison Patterns	https://archive.ics.uci.edu/ml/datasets/Record+Linkage+Comparison+Patterns
Communities and Crime Unnormalized	https://archive.ics.uci.edu/ml/datasets/Communities+and+Crime+Unnormalized
Vertebral Column	https://archive.ics.uci.edu/ml/datasets/Vertebral+Column
EMG Physical Action Data Set	https://archive.ics.uci.edu/ml/datasets/EMG+Physical+Action+Data+Set
Vicon Physical Action Data Set	https://archive.ics.uci.edu/ml/datasets/Vicon+Physical+Action+Data+Set
Amazon Commerce reviews set	https://archive.ics.uci.edu/ml/datasets/Amazon+Commerce+reviews+set
Amazon Access Samples	https://archive.ics.uci.edu/ml/datasets/Amazon+Access+Samples
Reuter_50_50	https://archive.ics.uci.edu/ml/datasets/Reuter_50_50
Farm Ads	https://archive.ics.uci.edu/ml/datasets/Farm+Ads
DBWorld e-mails	https://archive.ics.uci.edu/ml/datasets/DBWorld+e-mails
KEGG Metabolic Relation Network (Directed)	https://archive.ics.uci.edu/ml/datasets/KEGG+Metabolic+Relation+Network+%28Directed%29
KEGG Metabolic Reaction Network (Undirected)	https://archive.ics.uci.edu/ml/datasets/KEGG+Metabolic+Reaction+Network+%28Undirected%29
Bank Marketing	https://archive.ics.uci.edu/ml/datasets/Bank+Marketing
YouTube Comedy Slam Preference Data	https://archive.ics.uci.edu/ml/datasets/YouTube+Comedy+Slam+Preference+Data
Gas Sensor Array Drift Dataset	https://archive.ics.uci.edu/ml/datasets/Gas+Sensor+Array+Drift+Dataset
ILPD (Indian Liver Patient Dataset)	https://archive.ics.uci.edu/ml/datasets/ILPD+%28Indian+Liver+Patient+Dataset%29
OPPORTUNITY Activity Recognition	https://archive.ics.uci.edu/ml/datasets/OPPORTUNITY+Activity+Recognition
Nomao	https://archive.ics.uci.edu/ml/datasets/Nomao
SMS Spam Collection	https://archive.ics.uci.edu/ml/datasets/SMS+Spam+Collection
Skin Segmentation	https://archive.ics.uci.edu/ml/datasets/Skin+Segmentation
Planning Relax	https://archive.ics.uci.edu/ml/datasets/Planning+Relax
PAMAP2 Physical Activity Monitoring	https://archive.ics.uci.edu/ml/datasets/PAMAP2+Physical+Activity+Monitoring
Restaurant & consumer data	https://archive.ics.uci.edu/ml/datasets/Restaurant+%26+consumer+data
CNAE-9	https://archive.ics.uci.edu/ml/datasets/CNAE-9
Individual household electric power consumption	https://archive.ics.uci.edu/ml/datasets/Individual+household+electric+power+consumption
seeds	https://archive.ics.uci.edu/ml/datasets/seeds
Northix	https://archive.ics.uci.edu/ml/datasets/Northix
QtyT40I10D100K	https://archive.ics.uci.edu/ml/datasets/QtyT40I10D100K
Legal Case Reports	https://archive.ics.uci.edu/ml/datasets/Legal+Case+Reports
Human Activity Recognition Using Smartphones	https://archive.ics.uci.edu/ml/datasets/Human+Activity+Recognition+Using+Smartphones
One-hundred plant species leaves data set	https://archive.ics.uci.edu/ml/datasets/One-hundred+plant+species+leaves+data+set
Energy efficiency	https://archive.ics.uci.edu/ml/datasets/Energy+efficiency
Yacht Hydrodynamics	https://archive.ics.uci.edu/ml/datasets/Yacht+Hydrodynamics
Fertility	https://archive.ics.uci.edu/ml/datasets/Fertility
Daphnet Freezing of Gait	https://archive.ics.uci.edu/ml/datasets/Daphnet+Freezing+of+Gait
3D Road Network (North Jutland, Denmark)	https://archive.ics.uci.edu/ml/datasets/3D+Road+Network+%28North+Jutland%2C+Denmark%29
ISTANBUL STOCK EXCHANGE	https://archive.ics.uci.edu/ml/datasets/ISTANBUL+STOCK+EXCHANGE
Buzz in social media 	https://archive.ics.uci.edu/ml/datasets/Buzz+in+social+media+
First-order theorem proving	https://archive.ics.uci.edu/ml/datasets/First-order+theorem+proving
Wearable Computing: Classification of Body Postures and Movements (PUC-Rio)	https://archive.ics.uci.edu/ml/datasets/Wearable+Computing%3A+Classification+of+Body+Postures+and+Movements+%28PUC-Rio%29
Gas sensor arrays in open sampling settings	https://archive.ics.uci.edu/ml/datasets/Gas+sensor+arrays+in+open+sampling+settings
Climate Model Simulation Crashes	https://archive.ics.uci.edu/ml/datasets/Climate+Model+Simulation+Crashes
MicroMass	https://archive.ics.uci.edu/ml/datasets/MicroMass
QSAR biodegradation	https://archive.ics.uci.edu/ml/datasets/QSAR+biodegradation
BLOGGER	https://archive.ics.uci.edu/ml/datasets/BLOGGER
Daily and Sports Activities	https://archive.ics.uci.edu/ml/datasets/Daily+and+Sports+Activities
User Knowledge Modeling	https://archive.ics.uci.edu/ml/datasets/User+Knowledge+Modeling
Reuters RCV1 RCV2 Multilingual, Multiview Text Categorization Test collection	https://archive.ics.uci.edu/ml/datasets/Reuters+RCV1+RCV2+Multilingual%2C+Multiview+Text+Categorization+Test+collection
NYSK	https://archive.ics.uci.edu/ml/datasets/NYSK
Turkiye Student Evaluation	https://archive.ics.uci.edu/ml/datasets/Turkiye+Student+Evaluation
ser Knowledge Modeling Data (Students' Knowledge Levels on DC Electrical Machines)	https://archive.ics.uci.edu/ml/datasets/ser+Knowledge+Modeling+Data+%28Students%27+Knowledge+Levels+on+DC+Electrical+Machines%29
EEG Eye State	https://archive.ics.uci.edu/ml/datasets/EEG+Eye+State
Physicochemical Properties of Protein Tertiary Structure	https://archive.ics.uci.edu/ml/datasets/Physicochemical+Properties+of+Protein+Tertiary+Structure
seismic-bumps	https://archive.ics.uci.edu/ml/datasets/seismic-bumps
banknote authentication	https://archive.ics.uci.edu/ml/datasets/banknote+authentication
USPTO Algorithm Challenge, run by NASA-Harvard Tournament Lab and TopCoder    Problem: Pat	https://archive.ics.uci.edu/ml/datasets/USPTO+Algorithm+Challenge%2C+run+by+NASA-Harvard+Tournament+Lab+and+TopCoder++++Problem%3A+Pat
YouTube Multiview Video Games Dataset	https://archive.ics.uci.edu/ml/datasets/YouTube+Multiview+Video+Games+Dataset
Gas Sensor Array Drift Dataset at Different Concentrations	https://archive.ics.uci.edu/ml/datasets/Gas+Sensor+Array+Drift+Dataset+at+Different+Concentrations
Activities of Daily Living (ADLs) Recognition Using Binary Sensors	https://archive.ics.uci.edu/ml/datasets/Activities+of+Daily+Living+%28ADLs%29+Recognition+Using+Binary+Sensors
SkillCraft1 Master Table Dataset	https://archive.ics.uci.edu/ml/datasets/SkillCraft1+Master+Table+Dataset
Weight Lifting Exercises monitored with Inertial Measurement Units	https://archive.ics.uci.edu/ml/datasets/Weight+Lifting+Exercises+monitored+with+Inertial+Measurement+Units
SML2010	https://archive.ics.uci.edu/ml/datasets/SML2010
Bike Sharing Dataset	https://archive.ics.uci.edu/ml/datasets/Bike+Sharing+Dataset
Predict keywords activities in a online social media	https://archive.ics.uci.edu/ml/datasets/Predict+keywords+activities+in+a+online+social+media
Thoracic Surgery Data	https://archive.ics.uci.edu/ml/datasets/Thoracic+Surgery+Data
EMG dataset in Lower Limb	https://archive.ics.uci.edu/ml/datasets/EMG+dataset+in+Lower+Limb
SUSY	https://archive.ics.uci.edu/ml/datasets/SUSY
HIGGS	https://archive.ics.uci.edu/ml/datasets/HIGGS
Qualitative_Bankruptcy	https://archive.ics.uci.edu/ml/datasets/Qualitative_Bankruptcy
LSVT Voice Rehabilitation	https://archive.ics.uci.edu/ml/datasets/LSVT+Voice+Rehabilitation
Dataset for ADL Recognition with Wrist-worn Accelerometer	https://archive.ics.uci.edu/ml/datasets/Dataset+for+ADL+Recognition+with+Wrist-worn+Accelerometer
Wilt	https://archive.ics.uci.edu/ml/datasets/Wilt
User Identification From Walking Activity	https://archive.ics.uci.edu/ml/datasets/User+Identification+From+Walking+Activity
Activity Recognition from Single Chest-Mounted Accelerometer	https://archive.ics.uci.edu/ml/datasets/Activity+Recognition+from+Single+Chest-Mounted+Accelerometer
Leaf	https://archive.ics.uci.edu/ml/datasets/Leaf
Dresses_Attribute_Sales	https://archive.ics.uci.edu/ml/datasets/Dresses_Attribute_Sales
Tamilnadu Electricity Board Hourly Readings	https://archive.ics.uci.edu/ml/datasets/Tamilnadu+Electricity+Board+Hourly+Readings
Airfoil Self-Noise	https://archive.ics.uci.edu/ml/datasets/Airfoil+Self-Noise
Wholesale customers	https://archive.ics.uci.edu/ml/datasets/Wholesale+customers
Twitter Data set for Arabic Sentiment Analysis	https://archive.ics.uci.edu/ml/datasets/Twitter+Data+set+for+Arabic+Sentiment+Analysis
Combined Cycle Power Plant	https://archive.ics.uci.edu/ml/datasets/Combined+Cycle+Power+Plant
Urban Land Cover	https://archive.ics.uci.edu/ml/datasets/Urban+Land+Cover
Diabetes 130-US hospitals for years 1999-2008	https://archive.ics.uci.edu/ml/datasets/Diabetes+130-US+hospitals+for+years+1999-2008
Bach Choral Harmony	https://archive.ics.uci.edu/ml/datasets/Bach+Choral+Harmony
StoneFlakes	https://archive.ics.uci.edu/ml/datasets/StoneFlakes
Tennis Major Tournament Match Statistics	https://archive.ics.uci.edu/ml/datasets/Tennis+Major+Tournament+Match+Statistics
Parkinson Speech Dataset with  Multiple Types of Sound Recordings	https://archive.ics.uci.edu/ml/datasets/Parkinson+Speech+Dataset+with++Multiple+Types+of+Sound+Recordings
Gesture Phase Segmentation	https://archive.ics.uci.edu/ml/datasets/Gesture+Phase+Segmentation
Perfume Data	https://archive.ics.uci.edu/ml/datasets/Perfume+Data
BlogFeedback	https://archive.ics.uci.edu/ml/datasets/BlogFeedback
REALDISP Activity Recognition Dataset	https://archive.ics.uci.edu/ml/datasets/REALDISP+Activity+Recognition+Dataset
Newspaper and magazine images segmentation dataset	https://archive.ics.uci.edu/ml/datasets/Newspaper+and+magazine+images+segmentation+dataset
AAAI 2014 Accepted Papers	https://archive.ics.uci.edu/ml/datasets/AAAI+2014+Accepted+Papers
Gas sensor array under flow modulation	https://archive.ics.uci.edu/ml/datasets/Gas+sensor+array+under+flow+modulation
Gas sensor array exposed to turbulent gas mixtures	https://archive.ics.uci.edu/ml/datasets/Gas+sensor+array+exposed+to+turbulent+gas+mixtures
UJIIndoorLoc	https://archive.ics.uci.edu/ml/datasets/UJIIndoorLoc
Sentence Classification	https://archive.ics.uci.edu/ml/datasets/Sentence+Classification
Dow Jones Index	https://archive.ics.uci.edu/ml/datasets/Dow+Jones+Index
sEMG for Basic Hand movements	https://archive.ics.uci.edu/ml/datasets/sEMG+for+Basic+Hand+movements
AAAI 2013 Accepted Papers	https://archive.ics.uci.edu/ml/datasets/AAAI+2013+Accepted+Papers
Geographical Original of Music	https://archive.ics.uci.edu/ml/datasets/Geographical+Original+of+Music
Condition Based Maintenance of Naval Propulsion Plants	https://archive.ics.uci.edu/ml/datasets/Condition+Based+Maintenance+of+Naval+Propulsion+Plants
Grammatical Facial Expressions	https://archive.ics.uci.edu/ml/datasets/Grammatical+Facial+Expressions
NoisyOffice	https://archive.ics.uci.edu/ml/datasets/NoisyOffice
MHEALTH Dataset	https://archive.ics.uci.edu/ml/datasets/MHEALTH+Dataset
Student Performance	https://archive.ics.uci.edu/ml/datasets/Student+Performance
ElectricityLoadDiagrams20112014	https://archive.ics.uci.edu/ml/datasets/ElectricityLoadDiagrams20112014
Gas sensor array under dynamic gas mixtures	https://archive.ics.uci.edu/ml/datasets/Gas+sensor+array+under+dynamic+gas+mixtures
microblogPCU	https://archive.ics.uci.edu/ml/datasets/microblogPCU
Firm-Teacher_Clave-Direction_Classification	https://archive.ics.uci.edu/ml/datasets/Firm-Teacher_Clave-Direction_Classification
Dataset for Sensorless Drive Diagnosis	https://archive.ics.uci.edu/ml/datasets/Dataset+for+Sensorless+Drive+Diagnosis
TV News Channel Commercial Detection Dataset	https://archive.ics.uci.edu/ml/datasets/TV+News+Channel+Commercial+Detection+Dataset
Phishing Websites	https://archive.ics.uci.edu/ml/datasets/Phishing+Websites
Greenhouse Gas Observing Network	https://archive.ics.uci.edu/ml/datasets/Greenhouse+Gas+Observing+Network
Diabetic Retinopathy Debrecen Data Set	https://archive.ics.uci.edu/ml/datasets/Diabetic+Retinopathy+Debrecen+Data+Set
HIV-1 protease cleavage	https://archive.ics.uci.edu/ml/datasets/HIV-1+protease+cleavage
Sentiment Labelled Sentences	https://archive.ics.uci.edu/ml/datasets/Sentiment+Labelled+Sentences
Online News Popularity	https://archive.ics.uci.edu/ml/datasets/Online+News+Popularity
Forest type mapping	https://archive.ics.uci.edu/ml/datasets/Forest+type+mapping
wiki4HE	https://archive.ics.uci.edu/ml/datasets/wiki4HE
Online Video Characteristics and Transcoding Time Dataset	https://archive.ics.uci.edu/ml/datasets/Online+Video+Characteristics+and+Transcoding+Time+Dataset
Chronic_Kidney_Disease	https://archive.ics.uci.edu/ml/datasets/Chronic_Kidney_Disease
Machine Learning based ZZAlpha Ltd. Stock Recommendations 2012-2014	https://archive.ics.uci.edu/ml/datasets/Machine+Learning+based+ZZAlpha+Ltd.+Stock+Recommendations+2012-2014
Folio	https://archive.ics.uci.edu/ml/datasets/Folio
Taxi Service Trajectory - Prediction Challenge, ECML PKDD 2015	https://archive.ics.uci.edu/ml/datasets/Taxi+Service+Trajectory+-+Prediction+Challenge%2C+ECML+PKDD+2015
Cuff-Less Blood Pressure Estimation	https://archive.ics.uci.edu/ml/datasets/Cuff-Less+Blood+Pressure+Estimation
Smartphone-Based Recognition of Human Activities and Postural Transitions	https://archive.ics.uci.edu/ml/datasets/Smartphone-Based+Recognition+of+Human+Activities+and+Postural+Transitions
Mice Protein Expression	https://archive.ics.uci.edu/ml/datasets/Mice+Protein+Expression
UJIIndoorLoc-Mag	https://archive.ics.uci.edu/ml/datasets/UJIIndoorLoc-Mag
Heterogeneity Activity Recognition	https://archive.ics.uci.edu/ml/datasets/Heterogeneity+Activity+Recognition
Educational Process Mining (EPM): A Learning Analytics Data Set	https://archive.ics.uci.edu/ml/datasets/Educational+Process+Mining+%28EPM%29%3A+A+Learning+Analytics+Data+Set
HEPMASS	https://archive.ics.uci.edu/ml/datasets/HEPMASS
Indoor User Movement Prediction from RSS data	https://archive.ics.uci.edu/ml/datasets/Indoor+User+Movement+Prediction+from+RSS+data
Open University Learning Analytics dataset	https://archive.ics.uci.edu/ml/datasets/Open+University+Learning+Analytics+dataset
default of credit card clients	https://archive.ics.uci.edu/ml/datasets/default+of+credit+card+clients
Mesothelioma’s disease data set 	https://archive.ics.uci.edu/ml/datasets/Mesothelioma%E2%80%99s+disease+data+set+
Online Retail	https://archive.ics.uci.edu/ml/datasets/Online+Retail
SIFT10M	https://archive.ics.uci.edu/ml/datasets/SIFT10M
GPS Trajectories	https://archive.ics.uci.edu/ml/datasets/GPS+Trajectories
Detect Malacious Executable(AntiVirus)	https://archive.ics.uci.edu/ml/datasets/Detect+Malacious+Executable%28AntiVirus%29
Occupancy Detection 	https://archive.ics.uci.edu/ml/datasets/Occupancy+Detection+
Improved Spiral Test Using Digitized Graphics Tablet for Monitoring Parkinson’s Disease	https://archive.ics.uci.edu/ml/datasets/Improved+Spiral+Test+Using+Digitized+Graphics+Tablet+for+Monitoring+Parkinson%E2%80%99s+Disease
News Aggregator	https://archive.ics.uci.edu/ml/datasets/News+Aggregator
Air Quality	https://archive.ics.uci.edu/ml/datasets/Air+Quality
Twin gas sensor arrays	https://archive.ics.uci.edu/ml/datasets/Twin+gas+sensor+arrays
Gas sensors for home activity monitoring	https://archive.ics.uci.edu/ml/datasets/Gas+sensors+for+home+activity+monitoring
Facebook Comment Volume Dataset	https://archive.ics.uci.edu/ml/datasets/Facebook+Comment+Volume+Dataset
Smartphone Dataset for Human Activity Recognition (HAR) in Ambient Assisted Living (AAL)	https://archive.ics.uci.edu/ml/datasets/Smartphone+Dataset+for+Human+Activity+Recognition+%28HAR%29+in+Ambient+Assisted+Living+%28AAL%29
Polish companies bankruptcy data	https://archive.ics.uci.edu/ml/datasets/Polish+companies+bankruptcy+data
Activity Recognition system based on Multisensor data fusion (AReM)	https://archive.ics.uci.edu/ml/datasets/Activity+Recognition+system+based+on+Multisensor+data+fusion+%28AReM%29
Dota2 Games Results	https://archive.ics.uci.edu/ml/datasets/Dota2+Games+Results
Facebook metrics	https://archive.ics.uci.edu/ml/datasets/Facebook+metrics
UbiqLog (smartphone lifelogging)	https://archive.ics.uci.edu/ml/datasets/UbiqLog+%28smartphone+lifelogging%29
NIPS Conference Papers 1987-2015	https://archive.ics.uci.edu/ml/datasets/NIPS+Conference+Papers+1987-2015
HTRU2	https://archive.ics.uci.edu/ml/datasets/HTRU2
Drug consumption (quantified)	https://archive.ics.uci.edu/ml/datasets/Drug+consumption+%28quantified%29
Appliances energy prediction	https://archive.ics.uci.edu/ml/datasets/Appliances+energy+prediction
Miskolc IIS Hybrid IPS	https://archive.ics.uci.edu/ml/datasets/Miskolc+IIS+Hybrid+IPS
KDC-4007 dataset Collection	https://archive.ics.uci.edu/ml/datasets/KDC-4007+dataset+Collection
Geo-Magnetic field and WLAN dataset for indoor localisation from wristband and smartphone	https://archive.ics.uci.edu/ml/datasets/Geo-Magnetic+field+and+WLAN+dataset+for+indoor+localisation+from+wristband+and+smartphone
DrivFace	https://archive.ics.uci.edu/ml/datasets/DrivFace
Website Phishing	https://archive.ics.uci.edu/ml/datasets/Website+Phishing
YouTube Spam Collection	https://archive.ics.uci.edu/ml/datasets/YouTube+Spam+Collection
Beijing PM2.5 Data	https://archive.ics.uci.edu/ml/datasets/Beijing+PM2.5+Data
Cargo 2000 Freight Tracking and Tracing	https://archive.ics.uci.edu/ml/datasets/Cargo+2000+Freight+Tracking+and+Tracing
Cervical cancer (Risk Factors)	https://archive.ics.uci.edu/ml/datasets/Cervical+cancer+%28Risk+Factors%29
Quality Assessment of Digital Colposcopies	https://archive.ics.uci.edu/ml/datasets/Quality+Assessment+of+Digital+Colposcopies
KASANDR	https://archive.ics.uci.edu/ml/datasets/KASANDR
FMA: A Dataset For Music Analysis	https://archive.ics.uci.edu/ml/datasets/FMA%3A+A+Dataset+For+Music+Analysis
Air quality	https://archive.ics.uci.edu/ml/datasets/Air+quality
Epileptic Seizure Recognition	https://archive.ics.uci.edu/ml/datasets/Epileptic+Seizure+Recognition
Devanagari Handwritten Character Dataset	https://archive.ics.uci.edu/ml/datasets/Devanagari+Handwritten+Character+Dataset
Stock portfolio performance	https://archive.ics.uci.edu/ml/datasets/Stock+portfolio+performance
MoCap Hand Postures	https://archive.ics.uci.edu/ml/datasets/MoCap+Hand+Postures
Early biomarkers of Parkinson�s disease based on natural connected speech	https://archive.ics.uci.edu/ml/datasets/Early+biomarkers+of+Parkinson%92s+disease+based+on+natural+connected+speech
Data for Software Engineering Teamwork Assessment in Education Setting	https://archive.ics.uci.edu/ml/datasets/Data+for+Software+Engineering+Teamwork+Assessment+in+Education+Setting
PM2.5 Data of Five Chinese Cities	https://archive.ics.uci.edu/ml/datasets/PM2.5+Data+of+Five+Chinese+Cities
Parkinson Disease Spiral Drawings Using Digitized Graphics Tablet	https://archive.ics.uci.edu/ml/datasets/Parkinson+Disease+Spiral+Drawings+Using+Digitized+Graphics+Tablet
Sales_Transactions_Dataset_Weekly	https://archive.ics.uci.edu/ml/datasets/Sales_Transactions_Dataset_Weekly
Las Vegas Strip	https://archive.ics.uci.edu/ml/datasets/Las+Vegas+Strip
Eco-hotel	https://archive.ics.uci.edu/ml/datasets/Eco-hotel
MEU-Mobile KSD	https://archive.ics.uci.edu/ml/datasets/MEU-Mobile+KSD
Crowdsourced Mapping	https://archive.ics.uci.edu/ml/datasets/Crowdsourced+Mapping
gene expression cancer RNA-Seq	https://archive.ics.uci.edu/ml/datasets/gene+expression+cancer+RNA-Seq
Hybrid Indoor Positioning Dataset from WiFi RSSI, Bluetooth and magnetometer	https://archive.ics.uci.edu/ml/datasets/Hybrid+Indoor+Positioning+Dataset+from+WiFi+RSSI%2C+Bluetooth+and+magnetometer
chestnut – LARVIC	https://archive.ics.uci.edu/ml/datasets/chestnut+%E2%80%93+LARVIC
Burst Header Packet (BHP) flooding attack on Optical Burst Switching (OBS) Network	https://archive.ics.uci.edu/ml/datasets/Burst+Header+Packet+%28BHP%29+flooding+attack+on+Optical+Burst+Switching+%28OBS%29+Network
Motion Capture Hand Postures	https://archive.ics.uci.edu/ml/datasets/Motion+Capture+Hand+Postures
Anuran Calls (MFCCs)	https://archive.ics.uci.edu/ml/datasets/Anuran+Calls+%28MFCCs%29
TTC-3600: Benchmark dataset for Turkish text categorization	https://archive.ics.uci.edu/ml/datasets/TTC-3600%3A+Benchmark+dataset+for+Turkish+text+categorization
Gastrointestinal Lesions in Regular Colonoscopy	https://archive.ics.uci.edu/ml/datasets/Gastrointestinal+Lesions+in+Regular+Colonoscopy
Daily Demand Forecasting Orders	https://archive.ics.uci.edu/ml/datasets/Daily+Demand+Forecasting+Orders
Paper Reviews	https://archive.ics.uci.edu/ml/datasets/Paper+Reviews
extention of Z-Alizadeh sani dataset	https://archive.ics.uci.edu/ml/datasets/extention+of+Z-Alizadeh+sani+dataset
Z-Alizadeh Sani	https://archive.ics.uci.edu/ml/datasets/Z-Alizadeh+Sani
Dynamic Features of VirusShare Executables	https://archive.ics.uci.edu/ml/datasets/Dynamic+Features+of+VirusShare+Executables
IDA2016Challenge	https://archive.ics.uci.edu/ml/datasets/IDA2016Challenge
DSRC Vehicle Communications	https://archive.ics.uci.edu/ml/datasets/DSRC+Vehicle+Communications
Mturk User-Perceived Clusters over Images	https://archive.ics.uci.edu/ml/datasets/Mturk+User-Perceived+Clusters+over+Images
Character Font Images	https://archive.ics.uci.edu/ml/datasets/Character+Font+Images
DeliciousMIL: A Data Set for Multi-Label Multi-Instance Learning with Instance Labels	https://archive.ics.uci.edu/ml/datasets/DeliciousMIL%3A+A+Data+Set+for+Multi-Label+Multi-Instance+Learning+with+Instance+Labels
Autistic Spectrum Disorder Screening Data for Children  	https://archive.ics.uci.edu/ml/datasets/Autistic+Spectrum+Disorder+Screening+Data+for+Children++
Autistic Spectrum Disorder Screening Data for Adolescent   	https://archive.ics.uci.edu/ml/datasets/Autistic+Spectrum+Disorder+Screening+Data+for+Adolescent+++
APS Failure at Scania Trucks	https://archive.ics.uci.edu/ml/datasets/APS+Failure+at+Scania+Trucks
Wireless Indoor Localization	https://archive.ics.uci.edu/ml/datasets/Wireless+Indoor+Localization
HCC Survival	https://archive.ics.uci.edu/ml/datasets/HCC+Survival
CSM (Conventional and Social Media Movies) Dataset 2014 and 2015	https://archive.ics.uci.edu/ml/datasets/CSM+%28Conventional+and+Social+Media+Movies%29+Dataset+2014+and+2015
University of Tehran Question Dataset 2016 (UTQD.2016)	https://archive.ics.uci.edu/ml/datasets/University+of+Tehran+Question+Dataset+2016+%28UTQD.2016%29
Autism Screening Adult	https://archive.ics.uci.edu/ml/datasets/Autism+Screening+Adult
Activity recognition with healthy older people using a batteryless wearable sensor	https://archive.ics.uci.edu/ml/datasets/Activity+recognition+with+healthy+older+people+using+a+batteryless+wearable+sensor
Immunotherapy Dataset	https://archive.ics.uci.edu/ml/datasets/Immunotherapy+Dataset
Cryotherapy Dataset 	https://archive.ics.uci.edu/ml/datasets/Cryotherapy+Dataset+
OCT data & Color Fundus Images of Left & Right Eyes	https://archive.ics.uci.edu/ml/datasets/OCT+data+%26+Color+Fundus+Images+of+Left+%26+Right+Eyes
Discrete Tone Image Dataset	https://archive.ics.uci.edu/ml/datasets/Discrete+Tone+Image+Dataset
News Popularity in Multiple Social Media Platforms	https://archive.ics.uci.edu/ml/datasets/News+Popularity+in+Multiple+Social+Media+Platforms
Ultrasonic flowmeter diagnostics	https://archive.ics.uci.edu/ml/datasets/Ultrasonic+flowmeter+diagnostics
ICMLA 2014 Accepted Papers Data Set	https://archive.ics.uci.edu/ml/datasets/ICMLA+2014+Accepted+Papers+Data+Set
BLE RSSI Dataset for Indoor localization and Navigation	https://archive.ics.uci.edu/ml/datasets/BLE+RSSI+Dataset+for+Indoor+localization+and+Navigation
Container Crane Controller Data Set	https://archive.ics.uci.edu/ml/datasets/Container+Crane+Controller+Data+Set
Residential Building Data Set	https://archive.ics.uci.edu/ml/datasets/Residential+Building+Data+Set
Health News in Twitter	https://archive.ics.uci.edu/ml/datasets/Health+News+in+Twitter
chipseq	https://archive.ics.uci.edu/ml/datasets/chipseq
SGEMM GPU kernel performance	https://archive.ics.uci.edu/ml/datasets/SGEMM+GPU+kernel+performance
Repeat Consumption Matrices	https://archive.ics.uci.edu/ml/datasets/Repeat+Consumption+Matrices
detection_of_IoT_botnet_attacks_N_BaIoT	https://archive.ics.uci.edu/ml/datasets/detection_of_IoT_botnet_attacks_N_BaIoT
Absenteeism at work	https://archive.ics.uci.edu/ml/datasets/Absenteeism+at+work
SCADI	https://archive.ics.uci.edu/ml/datasets/SCADI
Condition monitoring of hydraulic systems	https://archive.ics.uci.edu/ml/datasets/Condition+monitoring+of+hydraulic+systems
Carbon Nanotubes	https://archive.ics.uci.edu/ml/datasets/Carbon+Nanotubes
Optical Interconnection Network 	https://archive.ics.uci.edu/ml/datasets/Optical+Interconnection+Network+
Sports articles for objectivity analysis	https://archive.ics.uci.edu/ml/datasets/Sports+articles+for+objectivity+analysis
Breast Cancer Coimbra	https://archive.ics.uci.edu/ml/datasets/Breast+Cancer+Coimbra
GNFUV Unmanned Surface Vehicles Sensor Data	https://archive.ics.uci.edu/ml/datasets/GNFUV+Unmanned+Surface+Vehicles+Sensor+Data
Dishonest Internet users Dataset	https://archive.ics.uci.edu/ml/datasets/Dishonest+Internet+users+Dataset
Victorian Era Authorship Attribution	https://archive.ics.uci.edu/ml/datasets/Victorian+Era+Authorship+Attribution
Simulated Falls and Daily Living Activities Data Set	https://archive.ics.uci.edu/ml/datasets/Simulated+Falls+and+Daily+Living+Activities+Data+Set
Multimodal Damage Identification for Humanitarian Computing	https://archive.ics.uci.edu/ml/datasets/Multimodal+Damage+Identification+for+Humanitarian+Computing
EEG Steady-State Visual Evoked Potential Signals	https://archive.ics.uci.edu/ml/datasets/EEG+Steady-State+Visual+Evoked+Potential+Signals
Roman Urdu Data Set	https://archive.ics.uci.edu/ml/datasets/Roman+Urdu+Data+Set
Avila	https://archive.ics.uci.edu/ml/datasets/Avila
PANDOR	https://archive.ics.uci.edu/ml/datasets/PANDOR
Drug Review Dataset (Druglib.com)	https://archive.ics.uci.edu/ml/datasets/Drug+Review+Dataset+%28Druglib.com%29
Drug Review Dataset (Drugs.com)	https://archive.ics.uci.edu/ml/datasets/Drug+Review+Dataset+%28Drugs.com%29
Physical Unclonable Functions	https://archive.ics.uci.edu/ml/datasets/Physical+Unclonable+Functions
Superconductivty Data	https://archive.ics.uci.edu/ml/datasets/Superconductivty+Data
WESAD (Wearable Stress and Affect Detection)	https://archive.ics.uci.edu/ml/datasets/WESAD+%28Wearable+Stress+and+Affect+Detection%29
GNFUV Unmanned Surface Vehicles Sensor Data Set 2	https://archive.ics.uci.edu/ml/datasets/GNFUV+Unmanned+Surface+Vehicles+Sensor+Data+Set+2
Student Academics Performance	https://archive.ics.uci.edu/ml/datasets/Student+Academics+Performance
Online Shoppers Purchasing Intention Dataset	https://archive.ics.uci.edu/ml/datasets/Online+Shoppers+Purchasing+Intention+Dataset
PMU-UD	https://archive.ics.uci.edu/ml/datasets/PMU-UD
Parkinson's Disease Classification	https://archive.ics.uci.edu/ml/datasets/Parkinson%27s+Disease+Classification
Electrical Grid Stability Simulated Data 	https://archive.ics.uci.edu/ml/datasets/Electrical+Grid+Stability+Simulated+Data+
Caesarian Section Classification Dataset	https://archive.ics.uci.edu/ml/datasets/Caesarian+Section+Classification+Dataset
BAUM-1	https://archive.ics.uci.edu/ml/datasets/BAUM-1
BAUM-2	https://archive.ics.uci.edu/ml/datasets/BAUM-2
Audit Data	https://archive.ics.uci.edu/ml/datasets/Audit+Data
BuddyMove Data Set	https://archive.ics.uci.edu/ml/datasets/BuddyMove+Data+Set
Real estate valuation data set	https://archive.ics.uci.edu/ml/datasets/Real+estate+valuation+data+set
Early biomarkers of Parkinson’s disease based on natural connected speech Data Set 	https://archive.ics.uci.edu/ml/datasets/Early+biomarkers+of+Parkinson%E2%80%99s+disease+based+on+natural+connected+speech+Data+Set+
Somerville Happiness Survey	https://archive.ics.uci.edu/ml/datasets/Somerville+Happiness+Survey
2.4 GHZ Indoor Channel Measurements	https://archive.ics.uci.edu/ml/datasets/2.4+GHZ+Indoor+Channel+Measurements
EMG data for gestures	https://archive.ics.uci.edu/ml/datasets/EMG+data+for+gestures
Parking Birmingham	https://archive.ics.uci.edu/ml/datasets/Parking+Birmingham
Behavior of the urban traffic of the city of Sao Paulo in Brazil	https://archive.ics.uci.edu/ml/datasets/Behavior+of+the+urban+traffic+of+the+city+of+Sao+Paulo+in+Brazil
Travel Reviews	https://archive.ics.uci.edu/ml/datasets/Travel+Reviews
Tarvel Review Ratings	https://archive.ics.uci.edu/ml/datasets/Tarvel+Review+Ratings
Rice Leaf Diseases	https://archive.ics.uci.edu/ml/datasets/Rice+Leaf+Diseases
Gas sensor array temperature modulation	https://archive.ics.uci.edu/ml/datasets/Gas+sensor+array+temperature+modulation
Facebook Live Sellers in Thailand	https://archive.ics.uci.edu/ml/datasets/Facebook+Live+Sellers+in+Thailand
Parkinson Dataset with replicated acoustic features 	https://archive.ics.uci.edu/ml/datasets/Parkinson+Dataset+with+replicated+acoustic+features+
Metro Interstate Traffic Volume	https://archive.ics.uci.edu/ml/datasets/Metro+Interstate+Traffic+Volume
Query Analytics Workloads Dataset	https://archive.ics.uci.edu/ml/datasets/Query+Analytics+Workloads+Dataset
Wave Energy Converters	https://archive.ics.uci.edu/ml/datasets/Wave+Energy+Converters
PPG-DaLiA	https://archive.ics.uci.edu/ml/datasets/PPG-DaLiA
Alcohol QCM Sensor Dataset	https://archive.ics.uci.edu/ml/datasets/Alcohol+QCM+Sensor+Dataset
Divorce Predictors data set	https://archive.ics.uci.edu/ml/datasets/Divorce+Predictors+data+set
Incident management process enriched event log	https://archive.ics.uci.edu/ml/datasets/Incident+management+process+enriched+event+log
Opinion Corpus for Lebanese Arabic Reviews (OCLAR)	https://archive.ics.uci.edu/ml/datasets/Opinion+Corpus+for+Lebanese+Arabic+Reviews+%28OCLAR%29
MEx	https://archive.ics.uci.edu/ml/datasets/MEx
Beijing Multi-Site Air-Quality Data	https://archive.ics.uci.edu/ml/datasets/Beijing+Multi-Site+Air-Quality+Data
Online Retail II	https://archive.ics.uci.edu/ml/datasets/Online+Retail+II
Hepatitis C Virus (HCV) for Egyptian patients	https://archive.ics.uci.edu/ml/datasets/Hepatitis+C+Virus+%28HCV%29+for+Egyptian+patients
QSAR fish toxicity	https://archive.ics.uci.edu/ml/datasets/QSAR+fish+toxicity
QSAR aquatic toxicity	https://archive.ics.uci.edu/ml/datasets/QSAR+aquatic+toxicity
Human Activity Recognition from Continuous Ambient Sensor Data	https://archive.ics.uci.edu/ml/datasets/Human+Activity+Recognition+from+Continuous+Ambient+Sensor+Data
WISDM Smartphone and Smartwatch Activity and Biometrics Dataset 	https://archive.ics.uci.edu/ml/datasets/WISDM+Smartphone+and+Smartwatch+Activity+and+Biometrics+Dataset+
QSAR oral toxicity	https://archive.ics.uci.edu/ml/datasets/QSAR+oral+toxicity
QSAR androgen receptor	https://archive.ics.uci.edu/ml/datasets/QSAR+androgen+receptor
QSAR Bioconcentration classes dataset	https://archive.ics.uci.edu/ml/datasets/QSAR+Bioconcentration+classes+dataset
QSAR fish bioconcentration factor (BCF)	https://archive.ics.uci.edu/ml/datasets/QSAR+fish+bioconcentration+factor+%28BCF%29
A study of  Asian Religious and Biblical Texts	https://archive.ics.uci.edu/ml/datasets/A+study+of++Asian+Religious+and+Biblical+Texts
Real-time Election Results: Portugal 2019	https://archive.ics.uci.edu/ml/datasets/Real-time+Election+Results%3A+Portugal+2019
Bias correction of numerical prediction model temperature forecast	https://archive.ics.uci.edu/ml/datasets/Bias+correction+of+numerical+prediction+model+temperature+forecast
Bar Crawl: Detecting Heavy Drinking	https://archive.ics.uci.edu/ml/datasets/Bar+Crawl%3A+Detecting+Heavy+Drinking
Kitsune Network Attack Dataset	https://archive.ics.uci.edu/ml/datasets/Kitsune+Network+Attack+Dataset
Shoulder Implant X-Ray Manufacturer Classification	https://archive.ics.uci.edu/ml/datasets/Shoulder+Implant+X-Ray+Manufacturer+Classification
Speaker Accent Recognition	https://archive.ics.uci.edu/ml/datasets/Speaker+Accent+Recognition
Heart failure clinical records	https://archive.ics.uci.edu/ml/datasets/Heart+failure+clinical+records
Deepfakes: Medical Image Tamper Detection	https://archive.ics.uci.edu/ml/datasets/Deepfakes%3A+Medical+Image+Tamper+Detection
selfBACK	https://archive.ics.uci.edu/ml/datasets/selfBACK
South German Credit	https://archive.ics.uci.edu/ml/datasets/South+German+Credit
Exasens	https://archive.ics.uci.edu/ml/datasets/Exasens
Swarm Behaviour	https://archive.ics.uci.edu/ml/datasets/Swarm+Behaviour
Crop mapping using fused optical-radar data set	https://archive.ics.uci.edu/ml/datasets/Crop+mapping+using+fused+optical-radar+data+set
BitcoinHeistRansomwareAddressDataset	https://archive.ics.uci.edu/ml/datasets/BitcoinHeistRansomwareAddressDataset
Facebook Large Page-Page Network	https://archive.ics.uci.edu/ml/datasets/Facebook+Large+Page-Page+Network
Amphibians	https://archive.ics.uci.edu/ml/datasets/Amphibians
Early stage diabetes risk prediction dataset.	https://archive.ics.uci.edu/ml/datasets/Early+stage+diabetes+risk+prediction+dataset.
Turkish Spam V01	https://archive.ics.uci.edu/ml/datasets/Turkish+Spam+V01
Stock keeping units	https://archive.ics.uci.edu/ml/datasets/Stock+keeping+units
Demand Forecasting for a store	https://archive.ics.uci.edu/ml/datasets/Demand+Forecasting+for+a+store
Detect Malware Types	https://archive.ics.uci.edu/ml/datasets/Detect+Malware+Types
Wave Energy Converters	https://archive.ics.uci.edu/ml/datasets/Wave+Energy+Converters
Youtube cookery channels viewers comments in Hinglish	https://archive.ics.uci.edu/ml/datasets/Youtube+cookery+channels+viewers+comments+in+Hinglish
Pedestrian in Traffic Dataset	https://archive.ics.uci.edu/ml/datasets/Pedestrian+in+Traffic+Dataset
Cervical Cancer Behavior Risk	https://archive.ics.uci.edu/ml/datasets/Cervical+Cancer+Behavior+Risk
Sattriya_Dance_Single_Hand_Gestures Dataset	https://archive.ics.uci.edu/ml/datasets/Sattriya_Dance_Single_Hand_Gestures+Dataset
Divorce Predictors data set	https://archive.ics.uci.edu/ml/datasets/Divorce+Predictors+data+set
3W dataset	https://archive.ics.uci.edu/ml/datasets/3W+dataset
Malware static and dynamic features VxHeaven and Virus Total	https://archive.ics.uci.edu/ml/datasets/Malware+static+and+dynamic+features+VxHeaven+and+Virus+Total
Internet Firewall Data	https://archive.ics.uci.edu/ml/datasets/Internet+Firewall+Data
User Profiling and Abusive Language Detection Dataset	https://archive.ics.uci.edu/ml/datasets/User+Profiling+and+Abusive+Language+Detection+Dataset
Estimation of obesity levels based on eating habits and physical condition 	https://archive.ics.uci.edu/ml/datasets/Estimation+of+obesity+levels+based+on+eating+habits+and+physical+condition+
Rice (Cammeo and Osmancik)	https://archive.ics.uci.edu/ml/datasets/Rice+%28Cammeo+and+Osmancik%29
Vehicle routing and scheduling problems	https://archive.ics.uci.edu/ml/datasets/Vehicle+routing+and+scheduling+problems
Algerian Forest Fires Dataset  	https://archive.ics.uci.edu/ml/datasets/Algerian+Forest+Fires+Dataset++
Breath Metabolomics	https://archive.ics.uci.edu/ml/datasets/Breath+Metabolomics
Horton General Hospital	https://archive.ics.uci.edu/ml/datasets/Horton+General+Hospital
UrbanGB, urban road accidents coordinates labelled by the urban center	https://archive.ics.uci.edu/ml/datasets/UrbanGB%2C+urban+road+accidents+coordinates+labelled+by+the+urban+center
Gas Turbine CO and NOx Emission Data Set	https://archive.ics.uci.edu/ml/datasets/Gas+Turbine+CO+and+NOx+Emission+Data+Set
Activity recognition using wearable physiological measurements	https://archive.ics.uci.edu/ml/datasets/Activity+recognition+using+wearable+physiological+measurements
clickstream data for online shopping	https://archive.ics.uci.edu/ml/datasets/clickstream+data+for+online+shopping
CNNpred: CNN-based stock market prediction using a diverse set of variables	https://archive.ics.uci.edu/ml/datasets/CNNpred%3A+CNN-based+stock+market+prediction+using+a+diverse+set+of+variables
Apartment for rent classified	https://archive.ics.uci.edu/ml/datasets/Apartment+for+rent+classified
: Simulated Data set of Iraqi tourism places	https://archive.ics.uci.edu/ml/datasets/%3A+Simulated+Data+set+of+Iraqi+tourism+places
Nasarian CAD Dataset	https://archive.ics.uci.edu/ml/datasets/Nasarian+CAD+Dataset
Monolithic Columns in Troad and Mysia Region	https://archive.ics.uci.edu/ml/datasets/Monolithic+Columns+in+Troad+and+Mysia+Region
Bar Crawl: Detecting Heavy Drinking	https://archive.ics.uci.edu/ml/datasets/Bar+Crawl%3A+Detecting+Heavy+Drinking
Seoul Bike Sharing Demand	https://archive.ics.uci.edu/ml/datasets/Seoul+Bike+Sharing+Demand
Person Classification Gait Data	https://archive.ics.uci.edu/ml/datasets/Person+Classification+Gait+Data
Shill Bidding Dataset	https://archive.ics.uci.edu/ml/datasets/Shill+Bidding+Dataset
Iranian Churn Dataset	https://archive.ics.uci.edu/ml/datasets/Iranian+Churn+Dataset
Unmanned Aerial Vehicle (UAV) Intrusion Detection	https://archive.ics.uci.edu/ml/datasets/Unmanned+Aerial+Vehicle+%28UAV%29+Intrusion+Detection
Bone marrow transplant: children	https://archive.ics.uci.edu/ml/datasets/Bone+marrow+transplant%3A+children
Exasens	https://archive.ics.uci.edu/ml/datasets/Exasens
COVID-19 Surveillance	https://archive.ics.uci.edu/ml/datasets/COVID-19+Surveillance
Refractive errors	https://archive.ics.uci.edu/ml/datasets/Refractive+errors
Shoulder Implant X-Ray Manufacturer Classification	https://archive.ics.uci.edu/ml/datasets/Shoulder+Implant+X-Ray+Manufacturer+Classification
CLINC150	https://archive.ics.uci.edu/ml/datasets/CLINC150
HCV data	https://archive.ics.uci.edu/ml/datasets/HCV+data
Taiwanese Bankruptcy Prediction	https://archive.ics.uci.edu/ml/datasets/Taiwanese+Bankruptcy+Prediction
South German Credit (UPDATE)	https://archive.ics.uci.edu/ml/datasets/South+German+Credit+%28UPDATE%29
IIWA14-R820-Gazebo-Dataset-10Trajectories	https://archive.ics.uci.edu/ml/datasets/IIWA14-R820-Gazebo-Dataset-10Trajectories
Guitar Chords finger positions	https://archive.ics.uci.edu/ml/datasets/Guitar+Chords+finger+positions
Russian Corpus of Biographical Texts	https://archive.ics.uci.edu/ml/datasets/Russian+Corpus+of+Biographical+Texts
Codon usage	https://archive.ics.uci.edu/ml/datasets/Codon+usage
Intelligent Media Accelerometer and Gyroscope (IM-AccGyro) Dataset	https://archive.ics.uci.edu/ml/datasets/Intelligent+Media+Accelerometer+and+Gyroscope+%28IM-AccGyro%29+Dataset
